PassengerId,const,Pclass,Sex,SiblingsSpouses,Idioma_Rank,SiblingsSpouses_raiz4,PreTicket_Rank_Titulo_Rank,Pclass_Sex,Sex_Cabin_Letra_Rank_raiz4,Idioma_Rank_Titulo_Expandido_Rank_raiz4,Age_Titulo_Expandido_Rank,Survived
1,1.0,3,1,1,12,1.0,2,3,1.189207115002721,15.792888155429909,4.879074367905722,0
2,1.0,1,0,1,12,1.0,56,0,0.0,23.615876055185165,42.48165309219116,1
3,1.0,3,0,0,10,0.0,36,0,0.0,19.343364202676693,26.989146009181297,1
4,1.0,1,0,1,8,1.0,35,0,0.0,16.0,41.69650704780472,1
5,1.0,3,1,0,12,0.0,10,3,1.681792830507429,15.792888155429909,7.818095071463386,0
6,1.0,3,1,0,12,0.0,10,3,1.189207115002721,15.792888155429909,7.223076867563762,0
7,1.0,1,1,0,12,0.0,10,1,1.6265765616977856,16.970562748477143,16.151449158627653,0
8,1.0,3,1,3,1,1.3160740129524924,25,3,1.189207115002721,1.7782794100389228,1.1916801824669498,0
9,1.0,3,0,0,12,0.0,35,0,0.0,21.853923442054462,22.03471213605615,1
10,1.0,2,0,1,13,1.0,35,0,0.0,26.0,16.37571329407716,1
11,1.0,3,0,1,12,1.0,48,0,0.0,20.784609690826528,2.4289832581699473,1
12,1.0,1,0,0,12,0.0,30,0,0.0,23.21203704321203,60.75020434748472,1
13,1.0,3,1,0,8,0.0,2,3,1.189207115002721,11.313708498984761,5.902556448785544,0
14,1.0,3,1,1,4,1.0,10,3,1.189207115002721,4.756828460010884,5.814939422731008,0
15,1.0,3,0,0,1,0.0,30,0,0.0,1.9343364202676694,14.328749132317514,0
16,1.0,2,0,0,12,0.0,35,0,0.0,24.366518218427167,69.9247705128978,1
17,1.0,3,1,4,12,1.4142135623730951,25,3,1.189207115002721,21.33935292046707,1.1916801824669498,0
18,1.0,2,1,0,12,0.0,10,2,1.189207115002721,15.792888155429909,7.223076867563762,1
19,1.0,3,0,1,8,1.0,35,0,0.0,16.0,36.87349871376138,0
20,1.0,3,0,0,8,0.0,35,0,0.0,16.244345478951445,45.453166739281734,1
21,1.0,2,1,0,8,0.0,10,2,1.189207115002721,11.313708498984761,10.42412676195118,0
22,1.0,2,1,0,12,0.0,10,2,1.7320508075688772,16.970562748477143,10.122688741073471,1
23,1.0,3,0,0,12,0.0,30,0,0.0,23.21203704321203,15.383782205389497,1
24,1.0,1,1,0,12,0.0,10,1,1.3160740129524924,16.970562748477143,8.314060615807216,1
25,1.0,3,0,3,1,1.3160740129524924,30,0,0.0,1.7320508075688772,5.141925446069328,0
26,1.0,3,0,1,4,1.0,35,0,0.0,7.284641147351487,31.15321226760685,1
27,1.0,3,1,0,8,0.0,10,3,1.189207115002721,11.313708498984761,9.630769156751683,0
28,1.0,1,1,3,9,1.3160740129524924,10,1,1.4953487812212205,10.70286403502449,2.8005592139539175,0
29,1.0,3,0,0,8,0.0,30,0,0.0,15.474691362141355,22.5305473373634,1
30,1.0,3,1,0,12,0.0,10,3,1.189207115002721,16.970562748477143,9.630769156751683,0
31,1.0,1,1,0,5,0.0,8,1,1.189207115002721,5.0,2.9828292165849315,0
32,1.0,1,0,1,12,1.0,56,0,0.0,23.615876055185165,40.10573535818977,1
33,1.0,3,0,0,12,0.0,30,0,0.0,23.21203704321203,22.5305473373634,1
34,1.0,2,1,0,12,0.0,8,2,1.189207115002721,16.970562748477143,19.768705409160162,0
35,1.0,1,1,1,11,1.0,16,1,1.189207115002721,14.476814142477416,6.235545461855413,0
36,1.0,1,1,1,8,1.0,10,1,1.189207115002721,10.528592103619939,9.400644681071359,0
37,1.0,3,1,0,13,0.0,10,3,1.189207115002721,18.38477631085024,9.630769156751683,1
38,1.0,3,1,0,8,0.0,2,3,1.189207115002721,11.313708498984761,6.203994469663254,0
39,1.0,3,0,2,8,1.189207115002721,30,0,0.0,14.889677745633593,15.899041221090377,0
40,1.0,3,0,1,8,1.0,30,0,0.0,14.889677745633593,12.281784970557869,1
41,1.0,3,0,1,4,1.0,35,0,0.0,7.871958685061721,44.74243824877397,0
42,1.0,2,0,1,7,1.0,35,0,0.0,14.0,32.050490379718035,0
43,1.0,3,1,0,8,0.0,10,3,1.189207115002721,11.313708498984761,9.630769156751683,0
44,1.0,2,0,1,7,1.0,36,0,0.0,12.12435565298214,1.750747711195101,1
45,1.0,3,0,0,12,0.0,30,0,0.0,23.21203704321203,19.603914497677422,1
46,1.0,3,1,0,12,0.0,12,3,1.189207115002721,16.970562748477143,9.630769156751683,0
47,1.0,3,1,1,12,1.0,10,3,1.189207115002721,17.944185374654644,12.038461445939603,0
48,1.0,3,0,0,8,0.0,30,0,0.0,15.474691362141355,22.5305473373634,1
49,1.0,3,1,2,13,1.189207115002721,10,3,1.189207115002721,19.439534155875865,12.038461445939603,0
50,1.0,3,0,1,8,1.0,35,0,0.0,16.0,21.198721628120502,0
51,1.0,3,1,4,10,1.4142135623730951,25,3,1.189207115002721,17.78279410038923,4.959655443438315,0
52,1.0,3,1,0,12,0.0,2,3,1.189207115002721,16.970562748477143,6.203994469663254,0
53,1.0,1,0,1,12,1.0,56,0,0.0,24.0,58.57703621695643,1
54,1.0,2,0,1,8,1.0,35,0,0.0,15.743917370123443,32.30811988756847,1
55,1.0,1,1,0,12,0.0,10,1,1.681792830507429,18.781014960879446,29.200901082423677,0
56,1.0,1,1,0,12,0.0,10,1,1.4953487812212205,16.970562748477143,9.630769156751683,1
57,1.0,2,0,0,12,0.0,24,0,0.0,23.21203704321203,21.713980643821387,1
58,1.0,3,1,0,7,0.0,10,3,1.189207115002721,9.899494936611665,8.464779626246072,0
59,1.0,2,0,1,12,1.0,24,0,0.0,20.784609690826528,3.1072188051447913,1
60,1.0,3,1,5,12,1.4953487812212205,20,3,1.189207115002721,21.33935292046707,7.974035652215406,0
61,1.0,3,1,0,8,0.0,10,3,1.189207115002721,11.313708498984761,6.505432490540962,0
62,1.0,1,0,0,7,0.0,30,0,0.0,13.540354941873685,39.64954288604508,1
63,1.0,1,1,1,12,1.0,10,1,1.4953487812212205,15.792888155429909,10.078880228046204,0
64,1.0,3,1,3,4,1.3160740129524924,25,3,1.189207115002721,7.113117640155691,2.698870286855497,0
65,1.0,1,1,0,12,0.0,16,1,1.189207115002721,16.970562748477143,9.630769156751683,0
66,1.0,3,1,1,13,1.0,25,3,1.189207115002721,23.117632330505995,3.131559445990375,1
67,1.0,2,0,0,12,0.0,28,0,0.0,24.366518218427167,36.61586920591093,1
68,1.0,3,1,0,12,0.0,12,3,1.189207115002721,16.970562748477143,5.601118427907835,0
69,1.0,3,0,4,4,1.4142135623730951,30,0,0.0,6.928203230275509,11.246045368842939,1
70,1.0,3,1,2,11,1.189207115002721,10,3,1.189207115002721,16.448836593433427,9.638980717564749,0
71,1.0,2,1,0,12,0.0,8,2,1.189207115002721,16.970562748477143,9.519812699318054,0
72,1.0,3,0,5,12,1.4953487812212205,24,0,0.0,20.784609690826528,10.567809821868092,0
73,1.0,2,1,0,12,0.0,4,2,1.189207115002721,16.970562748477143,6.203994469663254,0
74,1.0,3,1,1,1,1.0,10,3,1.189207115002721,1.4953487812212205,9.638980717564749,0
75,1.0,3,1,0,8,0.0,10,3,1.189207115002721,11.313708498984761,9.519812699318054,1
76,1.0,3,1,0,1,0.0,10,3,1.5650845800732873,1.4142135623730951,7.40974655317409,0
77,1.0,3,1,0,8,0.0,10,3,1.189207115002721,11.313708498984761,9.630769156751683,0
78,1.0,3,1,0,8,0.0,10,3,1.189207115002721,11.313708498984761,9.630769156751683,0
79,1.0,2,1,0,12,0.0,25,2,1.189207115002721,21.33935292046707,0.30997397139965077,1
80,1.0,3,0,0,12,0.0,30,0,0.0,23.21203704321203,31.209278301469222,1
81,1.0,3,1,0,8,0.0,10,3,1.189207115002721,11.313708498984761,6.505432490540962,0
82,1.0,3,1,0,8,0.0,10,3,1.189207115002721,11.313708498984761,8.615498636684926,1
83,1.0,3,0,0,12,0.0,30,0,0.0,23.21203704321203,22.5305473373634,1
84,1.0,1,1,0,5,0.0,10,1,1.189207115002721,7.0710678118654755,8.314060615807216,0
85,1.0,2,0,0,12,0.0,12,0,0.0,23.21203704321203,17.493848351533458,1
86,1.0,3,0,3,12,1.3160740129524924,35,0,0.0,24.0,39.28500288078305,1
87,1.0,3,1,1,12,1.0,6,3,1.189207115002721,14.270485380032653,2.348402182637354,0
88,1.0,3,1,0,8,0.0,4,3,1.189207115002721,11.313708498984761,9.630769156751683,0
89,1.0,1,0,3,9,1.3160740129524924,30,0,0.0,15.588457268119894,15.31545865069201,1
90,1.0,3,1,0,2,0.0,10,3,1.189207115002721,2.8284271247461903,7.10830853229638,0
91,1.0,3,1,0,7,0.0,10,3,1.189207115002721,9.899494936611665,8.615498636684926,0
92,1.0,3,1,0,4,0.0,10,3,1.189207115002721,5.656854249492381,5.902556448785544,0
93,1.0,1,1,1,12,1.0,6,1,1.6265765616977856,17.944185374654644,17.174931239507476,0
94,1.0,3,1,1,12,1.0,8,3,1.189207115002721,14.270485380032653,3.8555922870258996,0
95,1.0,3,1,0,12,0.0,10,3,1.189207115002721,16.970562748477143,17.658639263016198,0
96,1.0,3,1,0,12,0.0,10,3,1.189207115002721,16.970562748477143,9.630769156751683,0
97,1.0,1,1,0,11,0.0,16,1,1.3160740129524924,15.556349186104047,21.275895513548708,0
98,1.0,1,1,0,12,0.0,16,1,1.7320508075688772,18.781014960879446,10.210305767128006,1
99,1.0,2,0,0,8,0.0,35,0,0.0,14.569282294702974,27.837394037952045,1
100,1.0,2,1,1,12,1.0,10,2,1.189207115002721,15.792888155429909,7.592016555805103,0
101,1.0,3,0,0,8,0.0,30,0,0.0,15.474691362141355,29.099212155325258,0
102,1.0,3,1,0,12,0.0,10,3,1.189207115002721,15.792888155429909,7.223076867563762,0
103,1.0,1,1,0,12,0.0,10,1,1.7320508075688772,14.270485380032653,3.101997234831627,0
104,1.0,3,1,0,4,0.0,10,3,1.189207115002721,5.2642960518099695,7.365938040146821,0
105,1.0,3,1,2,4,1.189207115002721,10,3,1.189207115002721,5.2642960518099695,8.27025210277995,0
106,1.0,3,1,0,8,0.0,10,3,1.189207115002721,11.313708498984761,8.314060615807216,0
107,1.0,3,0,0,8,0.0,30,0,0.0,15.474691362141355,21.713980643821387,1
108,1.0,3,1,0,12,0.0,10,3,1.189207115002721,16.970562748477143,9.630769156751683,1
109,1.0,3,1,0,11,0.0,10,3,1.189207115002721,15.556349186104047,11.328440824584309,0
110,1.0,3,0,1,12,1.0,30,0,0.0,22.33451661845039,19.31189771774006,1
111,1.0,1,1,0,12,0.0,10,1,1.4953487812212205,16.970562748477143,14.04138301248369,0
112,1.0,3,0,1,8,1.0,30,0,0.0,14.889677745633593,12.733942001874432,0
113,1.0,3,1,0,12,0.0,10,3,1.189207115002721,16.970562748477143,6.505432490540962,0
114,1.0,3,0,1,10,1.0,30,0,0.0,18.612097182041992,17.70766934635663,0
115,1.0,3,0,0,13,0.0,30,0,0.0,24.195726336654587,14.994727158457252,0
116,1.0,3,1,0,8,0.0,10,3,1.189207115002721,11.313708498984761,6.203994469663254,0
117,1.0,3,1,0,12,0.0,10,3,1.189207115002721,16.970562748477143,21.125176503109852,0
118,1.0,2,1,1,7,1.0,10,2,1.189207115002721,9.212518090667446,6.461623977513694,0
119,1.0,1,1,0,12,0.0,16,1,1.681792830507429,14.270485380032653,3.55415426614819,0
120,1.0,3,0,4,4,1.4142135623730951,30,0,0.0,6.928203230275509,1.0725121642202549,0
121,1.0,2,1,2,12,1.189207115002721,4,2,1.189207115002721,15.792888155429909,4.65299585224744,0
122,1.0,3,1,0,12,0.0,2,3,1.189207115002721,16.970562748477143,9.630769156751683,0
123,1.0,2,1,1,13,1.0,10,2,1.189207115002721,17.1089621683824,7.252898782317681,0
124,1.0,2,0,0,12,0.0,30,0,0.0,22.33451661845039,29.011595129270724,1
125,1.0,1,1,0,12,0.0,10,1,1.7320508075688772,14.270485380032653,8.075724579313826,0
126,1.0,3,1,1,8,1.0,25,3,1.189207115002721,16.70238103943875,16.58249833837839,1
127,1.0,3,1,0,12,0.0,10,3,1.189207115002721,16.970562748477143,9.630769156751683,0
128,1.0,3,1,0,2,0.0,8,3,1.189207115002721,2.8284271247461903,7.10830853229638,1
129,1.0,3,0,1,12,1.0,30,0,0.0,20.784609690826528,14.483923288305043,1
130,1.0,3,1,0,12,0.0,10,3,1.189207115002721,16.970562748477143,13.438506970728271,0
131,1.0,3,1,0,8,0.0,10,3,1.189207115002721,11.313708498984761,9.821250720195762,0
132,1.0,3,1,0,14,0.0,4,3,1.189207115002721,19.79898987322333,5.902556448785544,0
133,1.0,3,0,1,12,1.0,7,0,0.0,23.615876055185165,52.65518629681384,0
134,1.0,2,0,1,12,1.0,35,0,0.0,23.615876055185165,32.30811988756847,1
135,1.0,2,1,0,12,0.0,8,2,1.189207115002721,16.970562748477143,7.40974655317409,0
136,1.0,2,1,0,7,0.0,12,2,1.189207115002721,9.899494936611665,6.806870511418671,0
137,1.0,1,0,0,12,0.0,30,0,0.0,25.05357155915813,26.605312532562216,1
138,1.0,1,1,1,8,1.0,10,1,1.4953487812212205,10.528592103619939,8.27025210277995,0
139,1.0,3,1,0,8,0.0,10,3,1.189207115002721,11.313708498984761,4.696804365274708,0
140,1.0,1,1,0,2,0.0,16,1,1.681792830507429,2.8284271247461903,7.10830853229638,0
141,1.0,3,0,0,13,0.0,35,0,0.0,23.675083728892332,29.41087259600583,0
142,1.0,3,0,0,6,0.0,30,0,0.0,11.606018521606016,22.76901371689337,1
143,1.0,3,0,1,10,1.0,42,0,0.0,20.0,28.43323412918552,1
144,1.0,3,1,0,12,0.0,10,3,1.189207115002721,16.970562748477143,5.601118427907835,0
145,1.0,2,1,0,12,0.0,10,2,1.189207115002721,16.970562748477143,5.2996804070301256,0
146,1.0,2,1,1,12,1.0,8,2,1.189207115002721,18.781014960879446,8.401677641861752,0
147,1.0,3,1,0,4,0.0,10,3,1.189207115002721,5.2642960518099695,6.009466946197131,1
148,1.0,3,0,2,12,1.189207115002721,18,0,0.0,20.784609690826528,5.8201609930441744,0
149,1.0,2,1,0,8,0.0,10,2,1.5650845800732873,9.513656920021768,5.438141896633872,0
150,1.0,2,1,0,12,0.0,5,2,1.189207115002721,12.0,3.133548227023786,0
151,1.0,2,1,0,12,0.0,2,2,1.189207115002721,12.0,3.8117837739986316,0
152,1.0,1,0,1,12,1.0,35,0,0.0,24.0,26.02172996216385,1
153,1.0,3,1,0,2,0.0,2,3,1.189207115002721,2.8284271247461903,16.603606189944216,0
154,1.0,3,1,0,8,0.0,2,3,1.189207115002721,12.520676640586299,18.12305381516787,0
155,1.0,3,1,0,12,0.0,14,3,1.189207115002721,15.792888155429909,7.223076867563762,0
156,1.0,1,1,0,12,0.0,16,1,1.189207115002721,14.270485380032653,7.623567547997263,0
157,1.0,3,0,0,12,0.0,30,0,0.0,23.21203704321203,16.438815278461476,1
158,1.0,3,1,0,12,0.0,4,3,1.189207115002721,16.970562748477143,8.916936657562635,0
159,1.0,3,1,0,1,0.0,10,3,1.189207115002721,1.4142135623730951,9.630769156751683,0
160,1.0,3,1,8,12,1.681792830507429,20,3,1.189207115002721,21.33935292046707,3.131559445990375,0
161,1.0,3,1,0,12,0.0,10,3,1.189207115002721,18.781014960879446,19.705603424775845,0
162,1.0,2,0,0,12,0.0,28,0,0.0,24.366518218427167,50.708096681943836,1
163,1.0,3,1,0,4,0.0,10,3,1.189207115002721,5.656854249492381,7.711184574051799,0
164,1.0,3,1,0,3,0.0,10,3,1.189207115002721,3.948222038857477,3.748681789614313,0
165,1.0,3,1,4,10,1.4142135623730951,25,3,1.189207115002721,17.78279410038923,0.43808513027267626,0
166,1.0,3,1,0,12,0.0,25,3,1.189207115002721,21.33935292046707,6.4668455478268605,1
167,1.0,1,0,0,8,0.0,35,0,0.0,16.47813715125694,48.12688242982772,1
168,1.0,3,0,1,4,1.0,35,0,0.0,7.284641147351487,36.95589416950275,0
169,1.0,1,1,0,11,0.0,16,1,1.189207115002721,15.556349186104047,9.630769156751683,0
170,1.0,3,1,0,8,0.0,10,3,1.189207115002721,11.313708498984761,8.314060615807216,0
171,1.0,1,1,0,6,0.0,10,1,1.681792830507429,8.485281374238571,18.261515304771617,0
172,1.0,3,1,4,12,1.4142135623730951,25,3,1.189207115002721,21.33935292046707,2.698870286855497,0
173,1.0,3,0,1,12,1.0,30,0,0.0,20.784609690826528,0.39427661724540863,1
174,1.0,3,1,0,8,0.0,10,3,1.189207115002721,11.313708498984761,6.203994469663254,0
175,1.0,1,1,0,12,0.0,10,1,1.3160740129524924,15.792888155429909,12.565743900287304,0
176,1.0,3,1,1,11,1.0,10,3,1.189207115002721,17.21593038080616,7.949520610545188,0
177,1.0,3,1,3,7,1.3160740129524924,25,3,1.189207115002721,12.447955870272459,3.131559445990375,0
178,1.0,1,0,0,8,0.0,48,0,0.0,15.474691362141355,52.30993976290887,0
179,1.0,2,1,0,12,0.0,10,2,1.189207115002721,16.970562748477143,8.916936657562635,0
180,1.0,3,1,0,12,0.0,10,3,1.189207115002721,16.970562748477143,10.72556478282889,0
181,1.0,3,0,8,12,1.681792830507429,24,0,0.0,20.784609690826528,14.483923288305043,0
182,1.0,2,1,0,7,0.0,12,2,1.189207115002721,9.899494936611665,9.630769156751683,0
183,1.0,3,1,4,4,1.4142135623730951,25,3,1.189207115002721,7.113117640155691,6.4668455478268605,0
184,1.0,2,1,2,11,1.189207115002721,25,2,1.5650845800732873,19.56107351042815,0.43808513027267626,1
185,1.0,3,0,0,8,0.0,30,0,0.0,16.70238103943875,5.127853545025444,1
186,1.0,1,1,0,6,0.0,10,1,1.3160740129524924,8.485281374238571,9.630769156751683,0
187,1.0,3,0,1,8,1.0,35,0,0.0,16.0,42.77945104873575,1
188,1.0,1,1,0,12,0.0,10,1,1.189207115002721,16.970562748477143,13.438506970728271,1
189,1.0,3,1,1,12,1.0,10,3,1.189207115002721,14.270485380032653,5.965658433169863,0
190,1.0,3,1,0,2,0.0,10,3,1.189207115002721,2.8284271247461903,10.72556478282889,0
191,1.0,2,0,0,12,0.0,35,0,0.0,24.366518218427167,40.45920397210173,1
192,1.0,2,1,0,8,0.0,10,2,1.189207115002721,11.313708498984761,5.601118427907835,0
193,1.0,3,0,1,8,1.0,30,0,0.0,15.190631376927534,18.203634890700464,1
194,1.0,2,1,1,8,1.0,25,2,1.5650845800732873,14.226235280311382,1.9452752346612234,1
195,1.0,1,0,0,12,0.0,56,0,0.0,24.0,52.54827579940225,1
196,1.0,1,0,0,7,0.0,48,0,0.0,13.540354941873685,60.75020434748472,1
197,1.0,3,1,0,12,0.0,10,3,1.189207115002721,16.970562748477143,9.630769156751683,0
198,1.0,3,1,0,12,0.0,10,3,1.189207115002721,14.270485380032653,6.267096454047572,0
199,1.0,3,0,0,12,0.0,30,0,0.0,23.21203704321203,22.5305473373634,1
200,1.0,2,0,0,8,0.0,30,0,0.0,15.474691362141355,24.879079863037333,0
201,1.0,3,1,0,6,0.0,10,3,1.189207115002721,8.485281374238571,8.314060615807216,0
202,1.0,3,1,8,12,1.681792830507429,8,3,1.189207115002721,14.270485380032653,4.815384578375841,0
203,1.0,3,1,0,12,0.0,10,3,1.189207115002721,16.970562748477143,10.122688741073471,0
204,1.0,3,1,0,13,0.0,10,3,1.189207115002721,18.38477631085024,13.589225981167125,0
205,1.0,3,1,0,14,0.0,2,3,1.189207115002721,19.79898987322333,5.2996804070301256,1
206,1.0,3,0,0,12,0.0,30,0,0.0,20.784609690826528,1.0725121642202549,0
207,1.0,3,1,1,12,1.0,10,3,1.189207115002721,15.792888155429909,7.139859524488541,0
208,1.0,3,1,0,8,0.0,10,3,1.189207115002721,11.313708498984761,7.711184574051799,1
209,1.0,3,0,0,12,0.0,30,0,0.0,23.21203704321203,16.438815278461476,1
210,1.0,1,1,0,12,0.0,10,1,1.3160740129524924,16.970562748477143,11.931316866339726,1
211,1.0,3,1,0,13,0.0,4,3,1.189207115002721,17.1089621683824,5.331231399222285,0
212,1.0,2,0,0,12,0.0,42,0,0.0,23.21203704321203,36.48444366682913,1
213,1.0,3,1,0,12,0.0,2,3,1.189207115002721,16.970562748477143,6.505432490540962,0
214,1.0,2,1,0,8,0.0,10,2,1.189207115002721,11.313708498984761,8.916936657562635,0
215,1.0,3,1,1,12,1.0,10,3,1.189207115002721,17.944185374654644,12.038461445939603,0
216,1.0,1,0,1,12,1.0,30,0,0.0,22.33451661845039,27.655124035321034,1
217,1.0,3,0,0,10,0.0,36,0,0.0,19.343364202676693,28.04417908225328,1
218,1.0,2,1,1,8,1.0,10,2,1.189207115002721,10.528592103619939,9.400644681071359,0
219,1.0,1,0,0,2,0.0,30,0,0.0,3.8686728405353388,33.31934444761319,1
220,1.0,2,1,0,12,0.0,6,2,1.4953487812212205,15.792888155429909,6.687702493171976,0
221,1.0,3,1,0,12,0.0,4,3,1.189207115002721,16.970562748477143,4.696804365274708,1
222,1.0,2,1,0,12,0.0,10,2,1.189207115002721,16.970562748477143,8.012622594929509,0
223,1.0,3,1,0,12,0.0,10,3,1.189207115002721,16.970562748477143,15.247135095994526,0
224,1.0,3,1,0,8,0.0,10,3,1.189207115002721,11.313708498984761,9.630769156751683,0
225,1.0,1,1,1,12,1.0,10,1,1.4953487812212205,15.792888155429909,8.496330618438233,1
226,1.0,3,1,0,4,0.0,16,3,1.189207115002721,5.656854249492381,6.505432490540962,0
227,1.0,2,1,0,12,0.0,12,2,1.189207115002721,16.970562748477143,5.601118427907835,1
228,1.0,3,1,0,12,0.0,2,3,1.189207115002721,16.970562748477143,6.053275459224398,0
229,1.0,2,1,0,8,0.0,10,2,1.189207115002721,11.313708498984761,5.2996804070301256,0
230,1.0,3,0,3,7,1.3160740129524924,30,0,0.0,12.12435565298214,14.483923288305043,0
231,1.0,1,0,1,12,1.0,35,0,0.0,24.0,41.69650704780472,1
232,1.0,3,1,0,4,0.0,10,3,1.189207115002721,5.2642960518099695,6.461623977513694,0
233,1.0,2,1,0,8,0.0,10,2,1.189207115002721,11.313708498984761,17.658639263016198,0
234,1.0,3,0,4,4,1.4142135623730951,30,0,0.0,6.928203230275509,3.1072188051447913,1
235,1.0,2,1,0,12,0.0,8,2,1.189207115002721,16.970562748477143,7.10830853229638,0
236,1.0,3,0,0,12,0.0,18,0,0.0,23.21203704321203,22.5305473373634,0
237,1.0,2,1,1,12,1.0,10,2,1.189207115002721,17.944185374654644,16.4213361873132,0
238,1.0,2,0,0,12,0.0,24,0,0.0,20.784609690826528,5.141925446069328,1
239,1.0,2,1,0,12,0.0,10,2,1.189207115002721,16.970562748477143,5.601118427907835,0
240,1.0,2,1,0,12,0.0,12,2,1.189207115002721,16.970562748477143,9.821250720195762,0
241,1.0,3,0,1,8,1.0,30,0,0.0,14.889677745633593,19.31189771774006,0
242,1.0,3,0,1,12,1.0,30,0,0.0,22.33451661845039,19.31189771774006,1
243,1.0,2,1,0,8,0.0,6,2,1.189207115002721,11.313708498984761,8.615498636684926,0
244,1.0,3,1,0,10,0.0,10,3,1.189207115002721,14.142135623730951,6.505432490540962,0
245,1.0,3,1,0,13,0.0,10,3,1.189207115002721,17.1089621683824,6.687702493171976,0
246,1.0,1,1,2,12,1.189207115002721,15,1,1.4953487812212205,19.51891874037343,22.989870662238484,0
247,1.0,3,0,0,4,0.0,30,0,0.0,7.7373456810706775,25.934112936109315,0
248,1.0,2,0,0,10,0.0,35,0,0.0,18.21160286837872,19.547848463815047,1
249,1.0,1,1,1,12,1.0,10,1,1.7320508075688772,14.270485380032653,5.5135014018533,1
250,1.0,2,1,1,12,1.0,5,2,1.681792830507429,12.0,4.037862289656913,0
251,1.0,3,1,0,12,0.0,10,3,1.189207115002721,16.970562748477143,9.630769156751683,0
252,1.0,3,0,1,12,1.0,35,0,0.0,21.853923442054462,23.692621250883548,0
253,1.0,1,1,0,12,0.0,10,1,1.4953487812212205,16.970562748477143,18.562953325649325,0
254,1.0,3,1,1,12,1.0,2,3,1.189207115002721,15.792888155429909,6.687702493171976,0
255,1.0,3,0,0,8,0.0,35,0,0.0,14.569282294702974,33.64007593984795,0
256,1.0,3,0,0,13,0.0,35,0,0.0,26.77697287079253,38.76974386508216,1
257,1.0,1,0,0,12,0.0,56,0,0.0,24.366518218427167,45.453166739281734,1
258,1.0,1,0,0,12,0.0,30,0,0.0,23.21203704321203,31.209278301469222,1
259,1.0,1,0,0,12,0.0,48,0,0.0,23.21203704321203,36.48444366682913,1
260,1.0,2,0,0,12,0.0,35,0,0.0,24.71720572688541,67.25563683802568,1
261,1.0,3,1,0,12,0.0,10,3,1.3160740129524924,15.792888155429909,7.223076867563762,0
262,1.0,3,1,4,4,1.4142135623730951,25,3,1.189207115002721,7.113117640155691,1.9452752346612234,1
263,1.0,1,1,1,8,1.0,10,1,1.6265765616977856,9.513656920021768,7.774286558436118,0
264,1.0,1,1,0,12,0.0,10,1,1.681792830507429,16.970562748477143,11.931316866339726,0
265,1.0,3,0,0,12,0.0,30,0,0.0,23.21203704321203,22.5305473373634,0
266,1.0,2,1,0,12,0.0,8,2,1.189207115002721,16.970562748477143,10.72556478282889,0
267,1.0,3,1,4,10,1.4142135623730951,10,3,1.189207115002721,11.89207115002721,2.348402182637354,0
268,1.0,3,1,1,4,1.0,10,3,1.189207115002721,5.981395124884882,9.262183191467612,1
269,1.0,1,0,0,12,0.0,56,0,0.0,21.853923442054462,47.73230341588085,1
270,1.0,1,0,0,8,0.0,48,0,0.0,15.474691362141355,36.48444366682913,1
271,1.0,1,1,0,12,0.0,10,1,1.189207115002721,16.970562748477143,9.630769156751683,0
272,1.0,3,1,0,12,0.0,10,3,1.189207115002721,16.970562748477143,7.40974655317409,1
273,1.0,2,0,0,12,0.0,35,0,0.0,21.853923442054462,33.64007593984795,1
274,1.0,1,1,0,11,0.0,16,1,1.4953487812212205,17.21593038080616,16.5405042055599,0
275,1.0,3,0,0,12,0.0,30,0,0.0,23.21203704321203,22.5305473373634,1
276,1.0,1,0,1,12,1.0,30,0,0.0,22.33451661845039,56.59317403958111,1
277,1.0,3,0,0,4,0.0,30,0,0.0,7.7373456810706775,47.03477439754895,0
278,1.0,2,1,0,12,0.0,10,2,1.189207115002721,16.970562748477143,9.630769156751683,0
279,1.0,3,1,4,12,1.4142135623730951,25,3,1.189207115002721,21.33935292046707,4.959655443438315,0
280,1.0,3,0,1,12,1.0,28,0,0.0,21.853923442054462,28.666348595365747,1
281,1.0,3,1,0,12,0.0,10,3,1.189207115002721,16.970562748477143,19.46726738828245,0
282,1.0,3,1,0,4,0.0,10,3,1.189207115002721,5.2642960518099695,6.235545461855413,0
283,1.0,3,1,0,6,0.0,10,3,1.189207115002721,8.485281374238571,4.696804365274708,0
284,1.0,3,1,0,8,0.0,2,3,1.189207115002721,11.313708498984761,5.601118427907835,1
285,1.0,1,1,0,12,0.0,10,1,1.3160740129524924,15.792888155429909,7.223076867563762,0
286,1.0,3,1,0,1,0.0,10,3,1.189207115002721,1.4142135623730951,9.821250720195762,0
287,1.0,3,1,0,6,0.0,10,3,1.189207115002721,8.485281374238571,8.916936657562635,1
288,1.0,3,1,0,5,0.0,10,3,1.189207115002721,7.0710678118654755,6.505432490540962,0
289,1.0,2,1,0,15,0.0,10,2,1.189207115002721,21.213203435596427,12.534192908095145,1
290,1.0,3,0,0,12,0.0,30,0,0.0,23.21203704321203,22.76901371689337,1
291,1.0,1,0,0,12,0.0,30,0,0.0,23.21203704321203,26.989146009181297,1
292,1.0,1,0,1,12,1.0,35,0,0.0,24.0,22.40447371163134,1
293,1.0,2,1,0,14,0.0,12,2,1.7320508075688772,19.79898987322333,10.72556478282889,0
294,1.0,3,0,0,11,0.0,30,0,0.0,21.277700622944362,24.879079863037333,0
295,1.0,3,1,0,8,0.0,10,3,1.189207115002721,11.313708498984761,7.10830853229638,0
296,1.0,1,1,0,1,0.0,16,1,1.189207115002721,1.4142135623730951,9.630769156751683,0
297,1.0,3,1,0,13,0.0,10,3,1.189207115002721,18.38477631085024,6.9575895218575265,0
298,1.0,1,0,1,12,1.0,30,0,0.0,20.784609690826528,1.0725121642202549,0
299,1.0,1,1,0,11,0.0,10,1,1.4953487812212205,15.556349186104047,9.630769156751683,1
300,1.0,1,0,0,12,0.0,56,0,0.0,21.853923442054462,41.10066695657125,1
301,1.0,3,0,0,12,0.0,30,0,0.0,22.33451661845039,19.31189771774006,1
302,1.0,3,1,2,12,1.189207115002721,10,3,1.189207115002721,15.792888155429909,7.223076867563762,1
303,1.0,3,1,0,12,0.0,10,3,1.189207115002721,15.792888155429909,4.200838820930876,0
304,1.0,2,0,0,12,0.0,30,0,0.0,22.33451661845039,19.31189771774006,1
305,1.0,3,1,0,12,0.0,2,3,1.189207115002721,15.792888155429909,7.223076867563762,0
306,1.0,1,1,1,12,1.0,25,1,1.4953487812212205,21.33935292046707,0.3777975260971367,1
307,1.0,1,0,0,12,0.0,30,0,0.0,23.21203704321203,22.5305473373634,1
308,1.0,1,0,1,8,1.0,56,0,0.0,16.0,19.992969544609668,1
309,1.0,2,1,1,12,1.0,16,2,1.189207115002721,15.792888155429909,6.687702493171976,0
310,1.0,1,0,0,8,0.0,48,0,0.0,15.474691362141355,31.209278301469222,1
311,1.0,1,0,0,12,0.0,30,0,0.0,22.33451661845039,21.32492559688914,1
312,1.0,1,0,2,12,1.189207115002721,48,0,0.0,20.784609690826528,11.924280915817782,1
313,1.0,2,0,1,10,1.0,35,0,0.0,20.597671439071178,34.7003305832331,0
314,1.0,3,1,0,8,0.0,10,3,1.189207115002721,11.313708498984761,8.314060615807216,0
315,1.0,2,1,1,12,1.0,14,2,1.189207115002721,14.270485380032653,6.417815464486427,0
316,1.0,3,0,0,4,0.0,30,0,0.0,7.7373456810706775,26.989146009181297,1
317,1.0,2,0,1,12,1.0,35,0,0.0,24.0,28.43323412918552,1
318,1.0,2,1,0,8,0.0,15,2,1.189207115002721,13.012612493582285,28.26503602759839,0
319,1.0,1,0,0,12,0.0,30,0,0.0,20.784609690826528,20.741343026490775,1
320,1.0,1,0,1,8,1.0,35,0,0.0,16.47813715125694,53.69092589852877,1
321,1.0,3,1,0,12,0.0,2,3,1.189207115002721,16.970562748477143,6.505432490540962,0
322,1.0,3,1,0,8,0.0,10,3,1.189207115002721,11.313708498984761,8.012622594929509,0
323,1.0,2,0,0,8,0.0,30,0,0.0,15.474691362141355,31.209278301469222,1
324,1.0,2,0,1,12,1.0,35,0,0.0,21.853923442054462,17.889939348987646,1
325,1.0,3,1,8,12,1.681792830507429,8,3,1.189207115002721,14.270485380032653,4.815384578375841,0
326,1.0,1,0,0,12,0.0,48,0,0.0,23.21203704321203,37.53947673990112,1
327,1.0,3,1,0,1,0.0,10,3,1.189207115002721,1.4142135623730951,18.261515304771617,0
328,1.0,2,0,0,12,0.0,35,0,0.0,24.366518218427167,45.58365032702278,1
329,1.0,3,0,1,12,1.0,35,0,0.0,21.853923442054462,25.35053036571095,1
330,1.0,1,0,0,8,0.0,30,0,0.0,13.856406460551018,10.567809821868092,1
331,1.0,3,0,2,12,1.189207115002721,30,0,0.0,22.33451661845039,19.31189771774006,1
332,1.0,1,1,0,12,0.0,10,1,1.4953487812212205,16.970562748477143,13.589225981167125,0
333,1.0,1,1,0,12,0.0,16,1,1.4953487812212205,14.270485380032653,5.6642204122921544,0
334,1.0,3,1,2,8,1.189207115002721,10,3,1.189207115002721,10.528592103619939,3.5226032739560305,0
335,1.0,1,0,1,8,1.0,56,0,0.0,16.0,42.77945104873575,1
336,1.0,3,1,0,8,0.0,10,3,1.189207115002721,11.313708498984761,9.630769156751683,0
337,1.0,1,1,1,12,1.0,10,1,1.4953487812212205,15.792888155429909,6.461623977513694,0
338,1.0,1,0,0,12,0.0,30,0,0.0,23.21203704321203,42.81464210526102,1
339,1.0,3,1,0,12,0.0,10,3,1.189207115002721,16.970562748477143,13.438506970728271,1
340,1.0,1,1,0,12,0.0,10,1,1.0,16.970562748477143,13.438506970728271,0
341,1.0,2,1,1,8,1.0,25,2,1.5650845800732873,14.226235280311382,1.1916801824669498,1
342,1.0,1,0,3,9,1.3160740129524924,30,0,0.0,15.588457268119894,15.993694197666855,1
343,1.0,2,1,0,10,0.0,10,2,1.189207115002721,14.142135623730951,8.314060615807216,0
344,1.0,2,1,0,12,0.0,10,2,1.189207115002721,16.970562748477143,7.40974655317409,0
345,1.0,2,1,0,12,0.0,10,2,1.189207115002721,16.970562748477143,10.72556478282889,0
346,1.0,2,0,0,12,0.0,30,0,0.0,22.33451661845039,21.32492559688914,1
347,1.0,2,0,0,12,0.0,30,0,0.0,22.33451661845039,35.793950599019176,1
348,1.0,3,0,1,12,1.0,35,0,0.0,23.615876055185165,40.10573535818977,1
349,1.0,3,1,1,12,1.0,20,3,1.189207115002721,21.33935292046707,1.9452752346612234,1
350,1.0,3,1,0,11,0.0,10,3,1.189207115002721,15.556349186104047,12.534192908095145,0
351,1.0,3,1,0,8,0.0,10,3,1.189207115002721,11.313708498984761,6.806870511418671,0
352,1.0,1,1,0,8,0.0,10,1,1.4953487812212205,11.313708498984761,9.630769156751683,0
353,1.0,3,1,1,12,1.0,10,3,1.189207115002721,14.270485380032653,2.1976831721984995,0
354,1.0,3,1,1,8,1.0,10,3,1.189207115002721,10.528592103619939,5.557309914880568,0
355,1.0,3,1,0,13,0.0,10,3,1.189207115002721,18.38477631085024,9.630769156751683,0
356,1.0,3,1,0,8,0.0,10,3,1.189207115002721,11.313708498984761,8.314060615807216,0
357,1.0,1,0,0,12,0.0,30,0,0.0,25.05357155915813,30.900804330069573,1
358,1.0,2,0,0,12,0.0,30,0,0.0,23.21203704321203,39.64954288604508,0
359,1.0,3,0,0,12,0.0,30,0,0.0,23.21203704321203,22.5305473373634,1
360,1.0,3,0,0,12,0.0,30,0,0.0,23.21203704321203,22.5305473373634,1
361,1.0,3,1,1,4,1.0,10,3,1.189207115002721,4.756828460010884,5.965658433169863,0
362,1.0,2,1,1,2,1.0,12,2,1.189207115002721,2.990697562442441,10.769373295856157,0
363,1.0,3,0,0,2,0.0,35,0,0.0,3.6423205736757436,36.95589416950275,0
364,1.0,3,1,0,13,0.0,4,3,1.189207115002721,18.38477631085024,10.42412676195118,0
365,1.0,3,1,1,8,1.0,10,3,1.189207115002721,10.528592103619939,7.223076867563762,0
366,1.0,3,1,0,8,0.0,8,3,1.189207115002721,11.313708498984761,8.916936657562635,0
367,1.0,1,0,1,12,1.0,35,0,0.0,23.615876055185165,67.35028981460216,1
368,1.0,3,0,0,13,0.0,35,0,0.0,26.3970614032961,45.453166739281734,1
369,1.0,3,0,0,12,0.0,30,0,0.0,23.21203704321203,22.5305473373634,1
370,1.0,1,0,0,7,0.0,64,0,0.0,14.614583409508908,33.764465528407804,1
371,1.0,1,1,1,11,1.0,10,1,1.6265765616977856,16.448836593433427,9.262183191467612,1
372,1.0,3,1,1,4,1.0,10,3,1.189207115002721,5.981395124884882,6.6246005087876565,0
373,1.0,3,1,0,12,0.0,10,3,1.189207115002721,16.970562748477143,5.601118427907835,0
374,1.0,1,1,0,8,0.0,16,1,1.4953487812212205,11.313708498984761,6.505432490540962,0
375,1.0,3,0,3,1,1.3160740129524924,30,0,0.0,1.7320508075688772,1.750747711195101,0
376,1.0,1,0,1,11,1.0,56,0,0.0,22.0,42.77945104873575,1
377,1.0,3,0,0,5,0.0,24,0,0.0,9.671682101338346,22.76901371689337,1
378,1.0,1,1,0,12,0.0,10,1,1.4953487812212205,18.781014960879446,12.018933892394262,0
379,1.0,3,1,0,8,0.0,10,3,1.189207115002721,11.313708498984761,5.902556448785544,0
380,1.0,3,1,0,4,0.0,10,3,1.189207115002721,5.2642960518099695,4.200838820930876,0
381,1.0,1,0,0,8,0.0,48,0,0.0,15.474691362141355,43.869675178333004,1
382,1.0,3,0,0,13,0.0,30,0,0.0,22.516660498395403,0.39427661724540863,1
383,1.0,3,1,0,10,0.0,10,3,1.189207115002721,14.142135623730951,9.519812699318054,0
384,1.0,1,0,1,8,1.0,35,0,0.0,16.0,41.69650704780472,1
385,1.0,3,1,0,8,0.0,10,3,1.189207115002721,11.313708498984761,9.630769156751683,0
386,1.0,2,1,0,12,0.0,4,2,1.189207115002721,15.792888155429909,3.974760305272594,0
387,1.0,3,1,5,12,1.4953487812212205,20,3,1.189207115002721,21.33935292046707,0.43808513027267626,0
388,1.0,2,0,0,14,0.0,30,0,0.0,27.08070988374737,37.53947673990112,1
389,1.0,3,1,0,12,0.0,10,3,1.189207115002721,16.970562748477143,9.630769156751683,0
390,1.0,2,0,0,11,0.0,36,0,0.0,21.277700622944362,17.493848351533458,1
391,1.0,1,1,1,12,1.0,10,1,1.681792830507429,14.270485380032653,5.362782391414445,1
392,1.0,3,1,0,4,0.0,10,3,1.189207115002721,5.656854249492381,6.203994469663254,1
393,1.0,3,1,2,4,1.189207115002721,10,3,1.189207115002721,5.2642960518099695,6.235545461855413,0
394,1.0,1,0,1,12,1.0,30,0,0.0,22.33451661845039,20.42061153425601,1
395,1.0,3,0,0,12,0.0,56,0,0.0,21.853923442054462,19.547848463815047,1
396,1.0,3,1,0,4,0.0,10,3,1.189207115002721,5.2642960518099695,4.879074367905722,0
397,1.0,3,0,0,4,0.0,30,0,0.0,7.4448388728167965,27.655124035321034,0
398,1.0,2,1,0,12,0.0,10,2,1.189207115002721,16.970562748477143,13.73994499160598,0
399,1.0,2,1,0,7,0.0,15,2,1.189207115002721,11.3860359318845,11.912023394982674,0
400,1.0,2,0,0,12,0.0,35,0,0.0,24.366518218427167,35.33475761718067,1
401,1.0,3,1,0,10,0.0,10,3,1.189207115002721,14.142135623730951,11.629878845462017,1
402,1.0,3,1,0,12,0.0,10,3,1.189207115002721,16.970562748477143,7.711184574051799,0
403,1.0,3,0,1,10,1.0,30,0,0.0,18.612097182041992,18.61198340898976,0
404,1.0,3,1,1,10,1.0,12,3,1.189207115002721,13.160740129524925,6.235545461855413,0
405,1.0,3,0,0,3,0.0,30,0,0.0,5.583629154612598,17.70766934635663,0
406,1.0,2,1,1,12,1.0,10,2,1.189207115002721,17.944185374654644,12.65336092634184,0
407,1.0,3,1,0,4,0.0,10,3,1.189207115002721,5.656854249492381,15.247135095994526,0
408,1.0,2,1,1,12,1.0,25,2,1.189207115002721,21.33935292046707,1.9452752346612234,1
409,1.0,3,1,0,1,0.0,10,3,1.189207115002721,1.4142135623730951,6.203994469663254,0
410,1.0,3,0,3,7,1.3160740129524924,30,0,0.0,12.12435565298214,14.483923288305043,0
411,1.0,3,1,0,8,0.0,10,3,1.189207115002721,11.313708498984761,9.630769156751683,0
412,1.0,3,1,0,12,0.0,10,3,1.189207115002721,15.792888155429909,7.223076867563762,0
413,1.0,1,0,1,12,1.0,30,0,0.0,22.33451661845039,29.463752160587283,1
414,1.0,2,1,0,12,0.0,10,2,1.189207115002721,16.970562748477143,9.630769156751683,0
415,1.0,3,1,0,10,0.0,10,3,1.189207115002721,14.142135623730951,13.137068949850562,1
416,1.0,3,0,0,12,0.0,35,0,0.0,24.366518218427167,45.453166739281734,0
417,1.0,2,0,1,12,1.0,35,0,0.0,24.71720572688541,45.55209933483062,1
418,1.0,2,0,0,6,0.0,30,0,0.0,12.526785779579065,25.173481933393095,1
419,1.0,2,1,0,12,0.0,10,2,1.189207115002721,16.970562748477143,8.916936657562635,0
420,1.0,3,0,0,6,0.0,30,0,0.0,10.392304845413264,6.4983965400190185,0
421,1.0,3,1,0,8,0.0,10,3,1.189207115002721,11.313708498984761,9.630769156751683,0
422,1.0,3,1,0,12,0.0,2,3,1.189207115002721,16.970562748477143,6.203994469663254,0
423,1.0,3,1,0,12,0.0,10,3,1.189207115002721,16.970562748477143,8.615498636684926,0
424,1.0,3,0,1,8,1.0,35,0,0.0,14.569282294702974,22.863666693469845,0
425,1.0,3,1,1,8,1.0,10,3,1.189207115002721,9.513656920021768,2.6498402035150628,0
426,1.0,3,1,0,9,0.0,2,3,1.189207115002721,12.727922061357857,9.630769156751683,0
427,1.0,2,0,1,12,1.0,35,0,0.0,23.615876055185165,31.17772730927706,1
428,1.0,2,0,0,12,0.0,30,0,0.0,23.21203704321203,19.603914497677422,1
429,1.0,3,1,0,12,0.0,10,3,1.6265765616977856,15.792888155429909,7.223076867563762,0
430,1.0,3,1,0,12,0.0,4,3,1.6265765616977856,16.970562748477143,9.519812699318054,1
431,1.0,1,1,0,8,0.0,10,1,1.4953487812212205,11.313708498984761,8.314060615807216,1
432,1.0,3,0,1,12,1.0,35,0,0.0,24.0,42.77945104873575,1
433,1.0,2,0,1,12,1.0,42,0,0.0,23.615876055185165,47.00322340535679,1
434,1.0,3,1,0,10,0.0,10,3,1.189207115002721,14.142135623730951,4.998242386152417,0
435,1.0,1,1,1,12,1.0,10,1,1.6265765616977856,15.792888155429909,11.209272806337614,0
436,1.0,1,0,1,12,1.0,30,0,0.0,20.784609690826528,9.211338727918402,1
437,1.0,3,0,2,12,1.189207115002721,18,0,0.0,20.784609690826528,13.958987556742322,0
438,1.0,2,0,2,12,1.189207115002721,35,0,0.0,21.853923442054462,19.547848463815047,1
439,1.0,1,1,1,9,1.0,10,1,1.4953487812212205,10.70286403502449,9.582914683702372,0
440,1.0,2,1,0,8,0.0,8,2,1.189207115002721,11.313708498984761,9.218374678440345,0
441,1.0,2,0,1,12,1.0,49,0,0.0,21.853923442054462,36.95589416950275,1
442,1.0,3,1,0,11,0.0,10,3,1.189207115002721,15.556349186104047,5.902556448785544,0
443,1.0,3,1,1,12,1.0,10,3,1.189207115002721,17.944185374654644,9.262183191467612,0
444,1.0,2,0,0,12,0.0,40,0,0.0,25.05357155915813,39.491787925084274,1
445,1.0,3,1,0,8,0.0,10,3,1.189207115002721,11.313708498984761,9.630769156751683,1
446,1.0,1,1,0,12,0.0,25,1,1.3160740129524924,25.05357155915813,5.127853545025444,1
447,1.0,2,0,0,12,0.0,30,0,0.0,20.784609690826528,8.533103180943556,1
448,1.0,1,1,0,12,0.0,10,1,1.189207115002721,16.970562748477143,10.122688741073471,1
449,1.0,3,0,2,8,1.189207115002721,30,0,0.0,13.856406460551018,3.1072188051447913,1
450,1.0,1,1,0,8,0.0,20,1,1.4953487812212205,13.454342644059432,31.09714623374447,1
451,1.0,2,1,1,12,1.0,8,2,1.189207115002721,14.270485380032653,5.362782391414445,0
452,1.0,3,1,1,12,1.0,10,3,1.189207115002721,15.792888155429909,7.223076867563762,0
453,1.0,1,1,0,12,0.0,10,1,1.4953487812212205,16.970562748477143,8.916936657562635,0
454,1.0,1,1,1,14,1.0,10,1,1.4953487812212205,18.425036181334892,10.98319429067933,1
455,1.0,3,1,0,2,0.0,2,3,1.189207115002721,2.8284271247461903,9.630769156751683,0
456,1.0,3,1,0,8,0.0,10,3,1.189207115002721,11.313708498984761,8.615498636684926,1
457,1.0,1,1,0,7,0.0,10,1,1.6265765616977856,9.899494936611665,19.46726738828245,0
458,1.0,1,0,1,12,1.0,35,0,0.0,23.615876055185165,40.10573535818977,1
459,1.0,2,0,0,12,0.0,42,0,0.0,23.21203704321203,52.30993976290887,1
460,1.0,3,1,0,8,0.0,10,3,1.189207115002721,11.313708498984761,9.630769156751683,0
461,1.0,1,1,0,12,0.0,10,1,1.6265765616977856,16.970562748477143,14.3428210333614,1
462,1.0,3,1,0,12,0.0,10,3,1.189207115002721,15.792888155429909,7.592016555805103,0
463,1.0,1,1,0,13,0.0,10,1,1.6265765616977856,18.38477631085024,14.04138301248369,0
464,1.0,2,1,0,12,0.0,10,2,1.189207115002721,16.970562748477143,14.3428210333614,0
465,1.0,3,1,0,8,0.0,2,3,1.189207115002721,11.313708498984761,9.630769156751683,0
466,1.0,3,1,0,7,0.0,4,3,1.189207115002721,9.899494936611665,11.328440824584309,0
467,1.0,2,1,0,12,0.0,10,2,1.189207115002721,16.970562748477143,9.630769156751683,0
468,1.0,1,1,0,12,0.0,10,1,1.189207115002721,16.970562748477143,16.75432520038307,0
469,1.0,3,1,0,12,0.0,10,3,1.189207115002721,16.970562748477143,9.630769156751683,0
470,1.0,3,0,2,8,1.189207115002721,30,0,0.0,13.856406460551018,0.22471773050170007,1
471,1.0,3,1,0,12,0.0,10,3,1.189207115002721,16.970562748477143,9.630769156751683,0
472,1.0,3,1,0,3,0.0,10,3,1.189207115002721,3.948222038857477,8.496330618438233,0
473,1.0,2,0,1,12,1.0,28,0,0.0,21.853923442054462,27.008439480538346,1
474,1.0,2,0,0,8,0.0,35,0,0.0,16.244345478951445,28.92919967352935,1
475,1.0,3,0,0,4,0.0,30,0,0.0,7.7373456810706775,22.76901371689337,0
476,1.0,1,1,0,12,0.0,10,1,1.3160740129524924,16.970562748477143,9.630769156751683,0
477,1.0,2,1,1,7,1.0,10,2,1.189207115002721,9.212518090667446,7.592016555805103,0
478,1.0,3,1,1,12,1.0,10,3,1.189207115002721,15.792888155429909,6.461623977513694,0
479,1.0,3,1,0,4,0.0,10,3,1.189207115002721,5.656854249492381,6.505432490540962,0
480,1.0,3,0,0,10,0.0,30,0,0.0,20.87797629929844,2.2641923466872047,1
481,1.0,3,1,5,12,1.4953487812212205,20,3,1.189207115002721,21.33935292046707,6.4668455478268605,0
482,1.0,2,1,0,12,0.0,10,2,1.189207115002721,16.970562748477143,9.630769156751683,0
483,1.0,3,1,0,12,0.0,2,3,1.189207115002721,16.970562748477143,14.945697075116819,0
484,1.0,3,0,0,8,0.0,35,0,0.0,16.244345478951445,80.1736632227399,1
485,1.0,1,1,1,12,1.0,10,1,1.681792830507429,15.792888155429909,5.557309914880568,1
486,1.0,3,0,3,7,1.3160740129524924,30,0,0.0,12.12435565298214,14.483923288305043,0
487,1.0,1,0,1,12,1.0,35,0,0.0,24.0,41.69650704780472,1
488,1.0,1,1,0,12,0.0,10,1,1.681792830507429,16.970562748477143,17.35720124213849,0
489,1.0,3,1,0,12,0.0,2,3,1.189207115002721,16.970562748477143,8.916936657562635,0
490,1.0,3,1,1,12,1.0,20,3,1.189207115002721,21.33935292046707,6.4668455478268605,1
491,1.0,3,1,1,12,1.0,10,3,1.189207115002721,15.792888155429909,7.223076867563762,0
492,1.0,3,1,0,8,0.0,4,3,1.189207115002721,11.313708498984761,6.203994469663254,0
493,1.0,1,1,0,12,0.0,10,1,1.4953487812212205,16.970562748477143,16.452887179505364,0
494,1.0,1,1,0,5,0.0,16,1,1.189207115002721,7.0710678118654755,21.275895513548708,0
495,1.0,3,1,0,12,0.0,2,3,1.189207115002721,15.792888155429909,4.65299585224744,0
496,1.0,3,1,0,13,0.0,10,3,1.189207115002721,18.38477631085024,9.630769156751683,0
497,1.0,1,0,1,8,1.0,30,0,0.0,15.190631376927534,52.49220976553987,1
498,1.0,3,1,0,12,0.0,8,3,1.189207115002721,16.970562748477143,9.630769156751683,0
499,1.0,1,0,1,12,1.0,35,0,0.0,21.853923442054462,20.376803021228746,0
500,1.0,3,1,0,4,0.0,10,3,1.189207115002721,5.2642960518099695,5.331231399222285,0
501,1.0,3,1,0,3,0.0,10,3,1.189207115002721,3.948222038857477,3.748681789614313,0
502,1.0,3,0,0,12,0.0,30,0,0.0,23.21203704321203,21.713980643821387,0
503,1.0,3,0,0,8,0.0,30,0,0.0,15.474691362141355,22.5305473373634,0
504,1.0,3,0,0,10,0.0,30,0,0.0,19.343364202676693,38.5945098129731,0
505,1.0,1,0,0,8,0.0,30,0,0.0,15.474691362141355,16.438815278461476,1
506,1.0,1,1,1,8,1.0,16,1,1.4953487812212205,10.528592103619939,3.974760305272594,0
507,1.0,2,0,0,12,0.0,35,0,0.0,21.853923442054462,27.008439480538346,1
508,1.0,1,1,0,12,0.0,10,1,1.189207115002721,16.970562748477143,9.630769156751683,1
509,1.0,3,1,0,12,0.0,8,3,1.189207115002721,15.792888155429909,6.235545461855413,0
510,1.0,3,1,0,11,0.0,10,3,1.189207115002721,15.556349186104047,7.711184574051799,1
511,1.0,3,1,0,12,0.0,10,3,1.6265765616977856,15.792888155429909,6.461623977513694,1
512,1.0,3,1,0,12,0.0,4,3,1.6265765616977856,15.792888155429909,7.223076867563762,0
513,1.0,1,1,0,12,0.0,16,1,1.6265765616977856,16.970562748477143,10.72556478282889,1
514,1.0,1,0,1,12,1.0,56,0,0.0,23.615876055185165,60.5679343448537,1
515,1.0,3,1,0,5,0.0,10,3,1.189207115002721,6.580370064762462,5.331231399222285,0
516,1.0,1,1,0,12,0.0,10,1,1.7320508075688772,16.970562748477143,14.04138301248369,0
517,1.0,2,0,0,8,0.0,28,0,0.0,16.244345478951445,43.02142714956225,1
518,1.0,3,1,0,12,0.0,10,3,1.189207115002721,16.970562748477143,9.630769156751683,0
519,1.0,2,0,1,13,1.0,35,0,0.0,25.583865726450593,40.22086793560834,1
520,1.0,3,1,0,1,0.0,10,3,1.189207115002721,1.4142135623730951,9.519812699318054,0
521,1.0,1,0,0,12,0.0,30,0,0.0,23.21203704321203,31.209278301469222,1
522,1.0,3,1,0,1,0.0,10,3,1.189207115002721,1.4142135623730951,6.505432490540962,0
523,1.0,3,1,0,13,0.0,10,3,1.189207115002721,18.38477631085024,9.630769156751683,0
524,1.0,1,0,0,8,0.0,35,0,0.0,14.569282294702974,36.126939612089046,1
525,1.0,3,1,0,13,0.0,10,3,1.189207115002721,18.38477631085024,9.630769156751683,0
526,1.0,3,1,0,12,0.0,10,3,1.189207115002721,16.970562748477143,12.08203587677858,0
527,1.0,2,0,0,12,0.0,18,0,0.0,23.21203704321203,52.30993976290887,1
528,1.0,1,1,0,12,0.0,16,1,1.4953487812212205,16.970562748477143,9.630769156751683,0
529,1.0,3,1,0,10,0.0,10,3,1.189207115002721,14.142135623730951,11.629878845462017,0
530,1.0,2,1,2,12,1.189207115002721,10,2,1.189207115002721,14.270485380032653,3.4034352557093355,0
531,1.0,2,0,1,12,1.0,30,0,0.0,20.784609690826528,1.0725121642202549,1
532,1.0,3,1,0,13,0.0,10,3,1.189207115002721,18.38477631085024,9.630769156751683,0
533,1.0,3,1,1,12,1.0,10,3,1.189207115002721,14.270485380032653,2.4991211930762085,0
534,1.0,3,0,0,12,0.0,35,0,0.0,21.853923442054462,29.41087259600583,1
535,1.0,3,0,0,3,0.0,30,0,0.0,5.583629154612598,26.750809972687904,0
536,1.0,2,0,0,12,0.0,42,0,0.0,20.784609690826528,4.463689899094484,1
537,1.0,1,1,0,13,0.0,20,1,1.681792830507429,21.86330679659658,26.877013941456543,0
538,1.0,1,0,0,7,0.0,48,0,0.0,13.540354941873685,31.209278301469222,1
539,1.0,3,1,0,8,0.0,10,3,1.189207115002721,11.313708498984761,9.630769156751683,0
540,1.0,1,0,0,8,0.0,30,0,0.0,16.70238103943875,30.900804330069573,1
541,1.0,1,0,0,12,0.0,18,0,0.0,20.784609690826528,24.132520761365,1
542,1.0,3,0,4,4,1.4142135623730951,30,0,0.0,6.928203230275509,5.8201609930441744,0
543,1.0,3,0,4,4,1.4142135623730951,30,0,0.0,6.928203230275509,7.176632086993865,0
544,1.0,2,1,1,12,1.0,10,2,1.189207115002721,15.792888155429909,7.139859524488541,1
545,1.0,1,1,1,12,1.0,16,1,1.4953487812212205,17.944185374654644,18.68212134389602,0
546,1.0,1,1,0,12,0.0,10,1,1.189207115002721,16.970562748477143,19.165829367404744,0
547,1.0,2,0,1,12,1.0,35,0,0.0,24.0,22.40447371163134,1
548,1.0,2,1,0,8,0.0,12,2,1.189207115002721,11.313708498984761,9.630769156751683,1
549,1.0,3,1,1,12,1.0,10,3,1.189207115002721,14.270485380032653,4.910625360097881,0
550,1.0,2,1,1,12,1.0,20,2,1.189207115002721,21.33935292046707,5.713250495632587,1
551,1.0,1,1,0,12,0.0,10,1,1.4953487812212205,14.270485380032653,2.4991211930762085,1
552,1.0,2,1,0,12,0.0,10,2,1.189207115002721,16.970562748477143,8.012622594929509,0
553,1.0,3,1,0,8,0.0,10,3,1.189207115002721,10.528592103619939,7.223076867563762,0
554,1.0,3,1,0,10,0.0,10,3,1.189207115002721,14.142135623730951,6.505432490540962,1
555,1.0,3,0,0,12,0.0,30,0,0.0,23.21203704321203,22.76901371689337,1
556,1.0,1,1,0,12,0.0,10,1,1.189207115002721,16.970562748477143,18.562953325649325,0
557,1.0,1,0,1,8,1.0,40,0,0.0,16.70238103943875,68.12839990846665,1
558,1.0,1,1,0,12,0.0,16,1,1.4953487812212205,16.970562748477143,9.630769156751683,0
559,1.0,1,0,1,8,1.0,35,0,0.0,14.569282294702974,31.982166825020546,1
560,1.0,3,0,1,6,1.0,35,0,0.0,11.807938027592582,40.22086793560834,1
561,1.0,3,1,0,12,0.0,10,3,1.189207115002721,16.970562748477143,9.630769156751683,0
562,1.0,3,1,0,11,0.0,10,3,1.189207115002721,15.556349186104047,11.931316866339726,0
563,1.0,2,1,0,12,0.0,10,2,1.189207115002721,16.970562748477143,8.314060615807216,0
564,1.0,3,1,0,12,0.0,4,3,1.189207115002721,16.970562748477143,9.630769156751683,0
565,1.0,3,0,0,8,0.0,12,0,0.0,15.474691362141355,22.5305473373634,0
566,1.0,3,1,2,12,1.189207115002721,2,3,1.189207115002721,15.792888155429909,5.331231399222285,0
567,1.0,3,1,0,8,0.0,10,3,1.189207115002721,11.313708498984761,5.601118427907835,0
568,1.0,3,0,0,1,0.0,35,0,0.0,1.8211602868378718,23.692621250883548,0
569,1.0,3,1,0,8,0.0,10,3,1.189207115002721,11.313708498984761,9.630769156751683,0
570,1.0,3,1,0,4,0.0,10,3,1.189207115002721,5.656854249492381,9.519812699318054,1
571,1.0,2,1,0,12,0.0,12,2,1.4953487812212205,15.792888155429909,13.922214994236993,1
572,1.0,1,0,2,12,1.189207115002721,35,0,0.0,23.615876055185165,59.43754176656229,1
573,1.0,1,1,0,12,0.0,16,1,1.6265765616977856,15.792888155429909,8.044173587121668,1
574,1.0,3,0,0,12,0.0,30,0,0.0,22.33451661845039,19.31189771774006,1
575,1.0,3,1,0,12,0.0,2,3,1.189207115002721,16.970562748477143,4.696804365274708,0
576,1.0,3,1,0,12,0.0,10,3,1.189207115002721,16.970562748477143,5.601118427907835,0
577,1.0,2,0,0,12,0.0,30,0,0.0,23.21203704321203,35.42941059375715,1
578,1.0,1,0,1,12,1.0,35,0,0.0,24.0,46.519515381848066,1
579,1.0,3,0,1,5,1.0,35,0,0.0,9.839948356327152,40.10573535818977,0
580,1.0,3,1,0,10,0.0,10,3,1.189207115002721,13.160740129524925,7.139859524488541,1
581,1.0,2,0,1,12,1.0,30,0,0.0,25.05357155915813,35.19629612757693,1
582,1.0,1,0,1,12,1.0,35,0,0.0,21.853923442054462,31.982166825020546,1
583,1.0,2,1,0,12,0.0,10,2,1.189207115002721,16.970562748477143,16.151449158627653,0
584,1.0,1,1,0,12,0.0,10,1,1.3160740129524924,16.970562748477143,10.72556478282889,0
585,1.0,3,1,0,8,0.0,10,3,1.189207115002721,11.313708498984761,9.630769156751683,0
586,1.0,1,0,0,8,0.0,30,0,0.0,13.856406460551018,11.924280915817782,1
587,1.0,2,1,0,12,0.0,10,2,1.189207115002721,16.970562748477143,14.04138301248369,0
588,1.0,1,1,1,8,1.0,10,1,1.681792830507429,12.520676640586299,26.940115925840864,1
589,1.0,3,1,0,8,0.0,10,3,1.189207115002721,11.313708498984761,6.505432490540962,0
590,1.0,3,1,0,8,0.0,2,3,1.189207115002721,11.313708498984761,9.630769156751683,0
591,1.0,3,1,0,8,0.0,10,3,1.189207115002721,11.313708498984761,10.42412676195118,0
592,1.0,1,0,1,12,1.0,35,0,0.0,23.615876055185165,58.307149188270884,1
593,1.0,3,1,0,8,0.0,2,3,1.189207115002721,11.313708498984761,14.04138301248369,0
594,1.0,3,0,0,12,0.0,30,0,0.0,20.784609690826528,14.483923288305043,0
595,1.0,2,1,1,12,1.0,12,2,1.189207115002721,15.792888155429909,8.27025210277995,0
596,1.0,3,1,1,6,1.0,10,3,1.189207115002721,7.135242690016327,5.362782391414445,0
597,1.0,2,0,0,12,0.0,30,0,0.0,23.21203704321203,22.5305473373634,1
598,1.0,3,1,0,12,0.0,10,3,1.189207115002721,15.792888155429909,10.98319429067933,0
599,1.0,3,1,0,13,0.0,10,3,1.189207115002721,17.1089621683824,7.223076867563762,0
600,1.0,1,1,1,8,1.0,64,1,1.3160740129524924,16.70238103943875,69.56023050763577,1
601,1.0,2,0,2,8,1.189207115002721,35,0,0.0,14.569282294702974,19.547848463815047,1
602,1.0,3,1,0,8,0.0,10,3,1.189207115002721,11.313708498984761,9.630769156751683,0
603,1.0,1,1,0,12,0.0,10,1,1.189207115002721,16.970562748477143,9.630769156751683,0
604,1.0,3,1,0,8,0.0,10,3,1.189207115002721,11.313708498984761,13.137068949850562,0
605,1.0,1,1,0,12,0.0,10,1,1.189207115002721,16.970562748477143,10.42412676195118,1
606,1.0,3,1,1,4,1.0,10,3,1.189207115002721,5.981395124884882,13.406955978536113,0
607,1.0,3,1,0,8,0.0,10,3,1.189207115002721,11.313708498984761,8.916936657562635,0
608,1.0,1,1,0,12,0.0,10,1,1.189207115002721,16.970562748477143,8.012622594929509,1
609,1.0,2,0,1,7,1.0,42,0,0.0,12.748122007865103,17.889939348987646,1
610,1.0,1,0,0,8,0.0,48,0,0.0,15.474691362141355,41.75960903218904,1
611,1.0,3,0,1,4,1.0,35,0,0.0,7.284641147351487,31.982166825020546,0
612,1.0,3,1,0,7,0.0,4,3,1.189207115002721,9.899494936611665,9.630769156751683,0
613,1.0,3,0,1,12,1.0,30,0,0.0,22.33451661845039,19.31189771774006,1
614,1.0,3,1,0,12,0.0,10,3,1.189207115002721,16.970562748477143,9.630769156751683,0
615,1.0,3,1,0,12,0.0,10,3,1.189207115002721,16.970562748477143,10.42412676195118,0
616,1.0,2,0,1,12,1.0,30,0,0.0,20.784609690826528,15.993694197666855,1
617,1.0,3,1,1,8,1.0,10,3,1.189207115002721,9.513656920021768,5.061344370536736,0
618,1.0,3,0,1,12,1.0,7,0,0.0,24.0,30.844738296207197,0
619,1.0,2,0,2,11,1.189207115002721,30,0,0.0,19.05255888325765,2.4289832581699473,1
620,1.0,2,1,0,8,0.0,10,2,1.189207115002721,11.313708498984761,7.711184574051799,0
621,1.0,3,1,1,8,1.0,10,3,1.189207115002721,10.528592103619939,6.009466946197131,0
622,1.0,1,1,1,12,1.0,10,1,1.7320508075688772,17.944185374654644,15.66774113511893,1
623,1.0,3,1,1,13,1.0,10,3,1.189207115002721,15.459692495035373,2.951278224392772,1
624,1.0,3,1,0,2,0.0,10,3,1.189207115002721,2.6321480259049848,4.65299585224744,0
625,1.0,3,1,0,12,0.0,10,3,1.189207115002721,16.970562748477143,6.203994469663254,0
626,1.0,1,1,0,12,0.0,10,1,1.7320508075688772,16.970562748477143,18.261515304771617,0
627,1.0,2,1,0,12,0.0,5,2,1.189207115002721,12.0,4.263940805315196,0
628,1.0,1,0,0,12,0.0,30,0,0.0,23.21203704321203,21.713980643821387,1
629,1.0,3,1,0,8,0.0,10,3,1.189207115002721,11.313708498984761,7.711184574051799,0
630,1.0,3,1,0,8,0.0,10,3,1.189207115002721,11.313708498984761,9.630769156751683,0
631,1.0,1,1,0,12,0.0,10,1,1.3160740129524924,16.970562748477143,23.98883770144809,1
632,1.0,3,1,0,4,0.0,10,3,1.189207115002721,5.656854249492381,15.247135095994526,0
633,1.0,1,1,0,8,0.0,15,1,1.681792830507429,13.012612493582285,16.659672223806595,1
634,1.0,1,1,0,12,0.0,10,1,1.189207115002721,16.970562748477143,9.630769156751683,0
635,1.0,3,0,3,4,1.3160740129524924,30,0,0.0,6.928203230275509,5.8201609930441744,0
636,1.0,2,0,0,12,0.0,30,0,0.0,23.21203704321203,29.099212155325258,1
637,1.0,3,1,0,10,0.0,10,3,1.189207115002721,14.142135623730951,9.519812699318054,0
638,1.0,2,1,1,12,1.0,8,2,1.189207115002721,14.270485380032653,4.609187339220172,0
639,1.0,3,0,0,10,0.0,35,0,0.0,18.21160286837872,33.64007593984795,0
640,1.0,3,1,1,12,1.0,10,3,1.189207115002721,15.792888155429909,7.223076867563762,0
641,1.0,3,1,0,2,0.0,10,3,1.189207115002721,2.6321480259049848,4.426917336589158,0
642,1.0,1,0,0,8,0.0,64,0,0.0,16.70238103943875,33.764465528407804,1
643,1.0,3,0,3,4,1.3160740129524924,30,0,0.0,6.928203230275509,1.0725121642202549,0
644,1.0,3,1,0,8,0.0,10,3,1.189207115002721,11.313708498984761,9.630769156751683,1
645,1.0,3,0,2,8,1.189207115002721,30,0,0.0,13.856406460551018,0.22471773050170007,1
646,1.0,1,1,1,12,1.0,16,1,1.7320508075688772,15.792888155429909,10.757115775021049,1
647,1.0,3,1,0,5,0.0,10,3,1.189207115002721,7.0710678118654755,5.601118427907835,0
648,1.0,1,1,0,8,0.0,20,1,1.3160740129524924,13.454342644059432,33.50865040076614,1
649,1.0,3,1,0,12,0.0,4,3,1.189207115002721,16.970562748477143,9.630769156751683,0
650,1.0,3,0,0,12,0.0,24,0,0.0,22.33451661845039,20.42061153425601,1
651,1.0,3,1,0,8,0.0,10,3,1.189207115002721,11.313708498984761,9.630769156751683,0
652,1.0,2,0,0,8,0.0,30,0,0.0,13.856406460551018,11.924280915817782,1
653,1.0,3,1,0,1,0.0,10,3,1.189207115002721,1.4142135623730951,6.203994469663254,0
654,1.0,3,0,0,8,0.0,30,0,0.0,15.474691362141355,22.5305473373634,1
655,1.0,3,0,0,12,0.0,30,0,0.0,23.21203704321203,18.54888142460544,0
656,1.0,2,1,2,12,1.189207115002721,4,2,1.189207115002721,15.792888155429909,5.331231399222285,0
657,1.0,3,1,0,8,0.0,10,3,1.189207115002721,11.313708498984761,9.630769156751683,0
658,1.0,3,0,1,12,1.0,35,0,0.0,21.853923442054462,26.179484923124647,0
659,1.0,2,1,0,8,0.0,10,2,1.189207115002721,11.313708498984761,6.806870511418671,0
660,1.0,1,1,0,12,0.0,10,1,1.7320508075688772,14.270485380032653,8.678600621069245,0
661,1.0,1,1,2,8,1.189207115002721,24,1,1.189207115002721,13.012612493582285,26.154969881454434,1
662,1.0,3,1,0,8,0.0,10,3,1.189207115002721,11.313708498984761,11.931316866339726,0
663,1.0,1,1,0,12,0.0,10,1,1.6265765616977856,16.970562748477143,14.04138301248369,0
664,1.0,3,1,0,5,0.0,10,3,1.189207115002721,6.580370064762462,8.044173587121668,0
665,1.0,3,1,1,4,1.0,10,3,1.189207115002721,5.981395124884882,7.378195560981931,1
666,1.0,2,1,2,12,1.189207115002721,4,2,1.189207115002721,15.792888155429909,7.139859524488541,0
667,1.0,2,1,0,12,0.0,10,2,1.189207115002721,16.970562748477143,7.40974655317409,0
668,1.0,3,1,0,8,0.0,10,3,1.189207115002721,11.313708498984761,9.630769156751683,0
669,1.0,3,1,0,12,0.0,2,3,1.189207115002721,16.970562748477143,12.835630928972854,0
670,1.0,1,0,1,12,1.0,35,0,0.0,24.0,42.77945104873575,1
671,1.0,2,0,1,12,1.0,35,0,0.0,21.853923442054462,32.811121382434244,1
672,1.0,1,1,1,12,1.0,14,1,1.681792830507429,17.944185374654644,11.52296834805043,0
673,1.0,2,1,0,12,0.0,8,2,1.189207115002721,16.970562748477143,20.974457492671,0
674,1.0,2,1,0,11,0.0,10,2,1.189207115002721,15.556349186104047,9.218374678440345,1
675,1.0,2,1,0,12,0.0,10,2,1.189207115002721,16.970562748477143,9.630769156751683,0
676,1.0,3,1,0,4,0.0,10,3,1.189207115002721,5.656854249492381,5.2996804070301256,0
677,1.0,3,1,0,12,0.0,10,3,1.189207115002721,16.970562748477143,7.259027542735235,0
678,1.0,3,0,0,10,0.0,30,0,0.0,19.343364202676693,18.54888142460544,1
679,1.0,3,0,1,12,1.0,28,0,0.0,21.853923442054462,35.29798505467535,0
680,1.0,1,1,0,5,0.0,16,1,1.681792830507429,7.825422900366437,16.088347174243335,1
681,1.0,3,0,0,12,0.0,30,0,0.0,23.21203704321203,22.5305473373634,0
682,1.0,1,1,0,13,0.0,16,1,1.7320508075688772,18.38477631085024,8.012622594929509,1
683,1.0,3,1,0,8,0.0,10,3,1.189207115002721,11.313708498984761,5.902556448785544,0
684,1.0,3,1,5,12,1.4953487812212205,8,3,1.189207115002721,14.270485380032653,2.046964161759645,0
685,1.0,2,1,1,12,1.0,10,2,1.681792830507429,14.270485380032653,8.980038641946955,0
686,1.0,2,1,1,7,1.0,12,2,1.189207115002721,8.324449805019047,3.704873276587045,0
687,1.0,3,1,4,10,1.4142135623730951,10,3,1.189207115002721,11.89207115002721,2.046964161759645,0
688,1.0,3,1,0,1,0.0,10,3,1.189207115002721,1.4142135623730951,5.601118427907835,0
689,1.0,3,1,0,11,0.0,10,3,1.189207115002721,15.556349186104047,5.2996804070301256,0
690,1.0,1,0,0,12,0.0,30,0,0.0,25.05357155915813,20.877990135885746,1
691,1.0,1,1,1,12,1.0,10,1,1.681792830507429,15.792888155429909,6.9137810088302585,1
692,1.0,3,0,0,13,0.0,30,0,0.0,27.14136918908797,5.127853545025444,1
693,1.0,3,1,0,12,0.0,10,3,1.189207115002721,15.792888155429909,7.223076867563762,1
694,1.0,3,1,0,13,0.0,10,3,1.189207115002721,17.1089621683824,5.557309914880568,0
695,1.0,1,1,0,12,0.0,20,1,1.189207115002721,20.18151396608915,35.92015456778782,0
696,1.0,2,1,0,12,0.0,10,2,1.189207115002721,15.792888155429909,11.661429837654177,0
697,1.0,3,1,0,12,0.0,10,3,1.189207115002721,15.792888155429909,9.852801712387922,0
698,1.0,3,0,0,12,0.0,30,0,0.0,23.21203704321203,22.5305473373634,1
699,1.0,1,1,1,12,1.0,10,1,1.4953487812212205,14.270485380032653,7.322129527119554,0
700,1.0,3,1,0,1,0.0,10,3,1.5650845800732873,1.4142135623730951,12.534192908095145,0
701,1.0,1,0,1,12,1.0,56,0,0.0,23.615876055185165,19.87380152636297,1
702,1.0,1,1,0,12,0.0,16,1,1.6265765616977856,16.970562748477143,10.42412676195118,1
703,1.0,3,0,0,2,0.0,30,0,0.0,3.4641016151377544,11.924280915817782,0
704,1.0,3,1,0,12,0.0,10,3,1.189207115002721,16.970562748477143,7.40974655317409,0
705,1.0,3,1,1,2,1.0,10,3,1.189207115002721,2.6321480259049848,5.783388430538849,0
706,1.0,2,1,0,12,0.0,10,2,1.189207115002721,15.792888155429909,8.722409134096512,0
707,1.0,2,0,0,12,0.0,35,0,0.0,24.0,53.754027882913086,1
708,1.0,1,1,0,8,0.0,16,1,1.6265765616977856,11.313708498984761,12.534192908095145,1
709,1.0,1,0,0,12,0.0,30,0,0.0,23.21203704321203,22.76901371689337,1
710,1.0,3,1,1,13,1.0,25,3,1.189207115002721,23.117632330505995,3.131559445990375,1
711,1.0,1,0,0,12,0.0,64,0,0.0,25.05357155915813,33.764465528407804,1
712,1.0,1,1,0,8,0.0,10,1,1.4953487812212205,11.313708498984761,9.630769156751683,0
713,1.0,1,1,1,12,1.0,10,1,1.4953487812212205,15.792888155429909,10.757115775021049,1
714,1.0,3,1,0,4,0.0,10,3,1.189207115002721,5.2642960518099695,6.461623977513694,0
715,1.0,2,1,0,12,0.0,10,2,1.189207115002721,16.970562748477143,15.548573116872236,0
716,1.0,3,1,0,8,0.0,10,3,1.5650845800732873,11.313708498984761,5.601118427907835,0
717,1.0,1,0,0,11,0.0,48,0,0.0,21.277700622944362,39.64954288604508,1
718,1.0,2,0,0,8,0.0,30,0,0.0,15.474691362141355,28.04417908225328,1
719,1.0,3,1,0,12,0.0,10,3,1.189207115002721,16.970562748477143,9.630769156751683,0
720,1.0,3,1,0,12,0.0,10,3,1.189207115002721,15.792888155429909,7.365938040146821,0
721,1.0,2,0,0,12,0.0,30,0,0.0,20.784609690826528,3.785454352119638,1
722,1.0,3,1,1,2,1.0,10,3,1.189207115002721,2.6321480259049848,3.748681789614313,0
723,1.0,2,1,0,12,0.0,10,2,1.189207115002721,16.970562748477143,10.122688741073471,0
724,1.0,2,1,0,12,0.0,10,2,1.189207115002721,16.970562748477143,14.945697075116819,0
725,1.0,1,1,1,12,1.0,10,1,1.6265765616977856,15.792888155429909,6.009466946197131,1
726,1.0,3,1,0,3,0.0,10,3,1.189207115002721,3.948222038857477,4.426917336589158,0
727,1.0,2,0,3,7,1.3160740129524924,35,0,0.0,14.0,35.66774663025054,1
728,1.0,3,0,0,12,0.0,30,0,0.0,23.21203704321203,22.5305473373634,1
729,1.0,2,1,1,2,1.0,10,2,1.189207115002721,2.990697562442441,9.262183191467612,0
730,1.0,3,0,1,10,1.0,36,0,0.0,18.98828922115942,24.081676297815793,0
731,1.0,1,0,0,12,0.0,30,0,0.0,22.33451661845039,25.846495910054777,1
732,1.0,3,1,0,13,0.0,10,3,1.189207115002721,18.38477631085024,3.189614260886162,0
733,1.0,2,1,0,12,0.0,10,2,1.189207115002721,16.970562748477143,9.630769156751683,0
734,1.0,2,1,0,12,0.0,10,2,1.189207115002721,16.970562748477143,6.806870511418671,0
735,1.0,2,1,0,8,0.0,10,2,1.189207115002721,11.313708498984761,6.806870511418671,0
736,1.0,3,1,0,12,0.0,10,3,1.189207115002721,15.792888155429909,6.348584719684554,0
737,1.0,3,0,1,12,1.0,21,0,0.0,21.853923442054462,39.44275784174385,0
738,1.0,1,1,0,8,0.0,16,1,1.681792830507429,11.313708498984761,10.42412676195118,1
739,1.0,3,1,0,7,0.0,10,3,1.189207115002721,9.899494936611665,9.630769156751683,0
740,1.0,3,1,0,8,0.0,10,3,1.189207115002721,11.313708498984761,9.630769156751683,0
741,1.0,1,1,0,8,0.0,10,1,1.7320508075688772,11.313708498984761,9.630769156751683,1
742,1.0,1,1,1,12,1.0,10,1,1.4953487812212205,17.944185374654644,13.406955978536113,0
743,1.0,1,0,2,12,1.189207115002721,48,0,0.0,20.784609690826528,13.958987556742322,1
744,1.0,3,1,1,12,1.0,10,3,1.189207115002721,17.944185374654644,8.885385665370475,0
745,1.0,3,1,0,10,0.0,10,3,1.189207115002721,14.142135623730951,9.218374678440345,1
746,1.0,1,1,1,12,1.0,3,1,1.681792830507429,12.0,5.24361437316775,0
747,1.0,3,1,1,12,1.0,8,3,1.189207115002721,14.270485380032653,2.348402182637354,0
748,1.0,2,0,0,10,0.0,30,0,0.0,19.343364202676693,31.209278301469222,1
749,1.0,1,1,1,12,1.0,10,1,1.7320508075688772,17.944185374654644,7.001398034884794,0
750,1.0,3,1,0,8,0.0,10,3,1.189207115002721,11.313708498984761,9.218374678440345,0
751,1.0,2,0,1,12,1.0,30,0,0.0,25.05357155915813,5.127853545025444,1
752,1.0,3,1,0,13,0.0,25,3,1.6265765616977856,23.117632330505995,4.206060391244042,1
753,1.0,3,1,0,6,0.0,10,3,1.189207115002721,8.485281374238571,9.821250720195762,0
754,1.0,3,1,0,8,0.0,10,3,1.189207115002721,11.313708498984761,6.806870511418671,0
755,1.0,2,0,1,12,1.0,35,0,0.0,21.853923442054462,39.44275784174385,1
756,1.0,2,1,1,10,1.0,25,2,1.189207115002721,17.78279410038923,0.18939876304856718,1
757,1.0,3,1,0,4,0.0,10,3,1.681792830507429,5.2642960518099695,6.235545461855413,0
758,1.0,2,1,0,12,0.0,10,2,1.189207115002721,16.970562748477143,5.2996804070301256,0
759,1.0,3,1,0,12,0.0,10,3,1.189207115002721,16.970562748477143,10.122688741073471,0
760,1.0,1,0,0,14,0.0,40,0,0.0,29.229166819017816,46.65094092092987,1
761,1.0,3,1,0,8,0.0,10,3,1.189207115002721,11.313708498984761,9.630769156751683,0
762,1.0,3,1,0,12,0.0,4,3,1.189207115002721,16.970562748477143,12.232754887217435,0
763,1.0,3,1,0,13,0.0,10,3,1.189207115002721,18.38477631085024,5.902556448785544,1
764,1.0,1,0,1,12,1.0,35,0,0.0,21.853923442054462,29.49530315277945,1
765,1.0,3,1,0,4,0.0,10,3,1.189207115002721,5.656854249492381,4.696804365274708,0
766,1.0,1,0,1,6,1.0,35,0,0.0,11.807938027592582,57.17675660997947,1
767,1.0,1,1,0,8,0.0,15,1,1.189207115002721,13.012612493582285,21.934837589166502,0
768,1.0,3,0,0,12,0.0,30,0,0.0,23.21203704321203,31.73679483800521,0
769,1.0,3,1,1,12,1.0,10,3,1.189207115002721,15.792888155429909,7.223076867563762,0
770,1.0,3,1,0,8,0.0,10,3,1.189207115002721,11.313708498984761,9.519812699318054,0
771,1.0,3,1,0,6,0.0,10,3,1.189207115002721,8.485281374238571,7.10830853229638,0
772,1.0,3,1,0,2,0.0,10,3,1.189207115002721,2.6321480259049848,10.757115775021049,0
773,1.0,2,0,0,12,0.0,14,0,0.0,24.366518218427167,72.48699369035833,0
774,1.0,3,1,0,12,0.0,10,3,1.189207115002721,15.792888155429909,7.223076867563762,0
775,1.0,2,0,1,12,1.0,35,0,0.0,21.853923442054462,44.41648518622605,1
776,1.0,3,1,0,4,0.0,10,3,1.189207115002721,5.656854249492381,5.2996804070301256,0
777,1.0,3,1,0,12,0.0,10,3,1.5650845800732873,16.970562748477143,9.630769156751683,0
778,1.0,3,0,0,14,0.0,30,0,0.0,27.08070988374737,4.833451474669676,1
779,1.0,3,1,0,12,0.0,10,3,1.189207115002721,16.970562748477143,9.630769156751683,0
780,1.0,1,0,0,7,0.0,35,0,0.0,14.418370007349823,57.76033918037784,1
781,1.0,3,0,0,13,0.0,30,0,0.0,25.1463734634797,13.27371605924553,1
782,1.0,1,0,1,12,1.0,35,0,0.0,24.0,19.992969544609668,1
783,1.0,1,1,0,12,0.0,10,1,1.7320508075688772,16.970562748477143,8.615498636684926,0
784,1.0,3,1,1,12,1.0,6,3,1.189207115002721,14.270485380032653,4.815384578375841,0
785,1.0,3,1,0,13,0.0,4,3,1.189207115002721,17.1089621683824,5.557309914880568,0
786,1.0,3,1,0,12,0.0,10,3,1.189207115002721,16.970562748477143,7.40974655317409,0
787,1.0,3,0,0,12,0.0,30,0,0.0,23.21203704321203,18.54888142460544,1
788,1.0,3,1,4,12,1.4142135623730951,25,3,1.189207115002721,21.33935292046707,5.713250495632587,0
789,1.0,3,1,1,12,1.0,20,3,1.189207115002721,21.33935292046707,0.43808513027267626,1
790,1.0,1,1,0,12,0.0,16,1,1.681792830507429,16.970562748477143,13.73994499160598,0
791,1.0,3,1,0,12,0.0,10,3,1.6265765616977856,15.792888155429909,7.223076867563762,0
792,1.0,2,1,0,12,0.0,10,2,1.189207115002721,16.970562748477143,4.696804365274708,0
793,1.0,3,0,8,12,1.681792830507429,24,0,0.0,20.784609690826528,14.483923288305043,0
794,1.0,1,1,0,12,0.0,16,1,1.4953487812212205,15.792888155429909,7.223076867563762,0
795,1.0,3,1,0,8,0.0,10,3,1.189207115002721,11.313708498984761,7.40974655317409,0
796,1.0,2,1,0,6,0.0,10,2,1.189207115002721,8.485281374238571,11.629878845462017,0
797,1.0,1,0,0,12,0.0,15,0,0.0,19.51891874037343,25.627453344918436,1
798,1.0,3,0,0,13,0.0,35,0,0.0,26.3970614032961,39.178092383371464,1
799,1.0,3,1,0,8,0.0,10,3,1.189207115002721,11.313708498984761,8.916936657562635,0
800,1.0,3,0,1,6,1.0,35,0,0.0,10.926961721027231,24.521575808297246,0
801,1.0,2,1,0,8,0.0,10,2,1.189207115002721,11.313708498984761,10.122688741073471,0
802,1.0,2,0,1,12,1.0,28,0,0.0,21.853923442054462,25.35053036571095,1
803,1.0,1,1,1,12,1.0,25,1,1.681792830507429,21.33935292046707,7.974035652215406,1
804,1.0,3,1,0,12,0.0,25,3,1.189207115002721,25.05357155915813,0.0019000000000040096,1
805,1.0,3,1,0,4,0.0,10,3,1.189207115002721,5.656854249492381,8.012622594929509,1
806,1.0,3,1,0,4,0.0,10,3,1.189207115002721,5.2642960518099695,6.9137810088302585,0
807,1.0,1,1,0,12,0.0,10,1,1.3160740129524924,15.792888155429909,8.722409134096512,0
808,1.0,3,0,0,4,0.0,30,0,0.0,7.7373456810706775,18.54888142460544,0
809,1.0,2,1,0,11,0.0,10,2,1.189207115002721,14.476814142477416,8.722409134096512,0
810,1.0,1,0,1,12,1.0,35,0,0.0,24.0,39.28500288078305,1
811,1.0,3,1,0,12,0.0,10,3,1.189207115002721,16.970562748477143,7.711184574051799,0
812,1.0,3,1,0,12,0.0,2,3,1.189207115002721,16.970562748477143,11.629878845462017,0
813,1.0,2,1,0,8,0.0,10,2,1.189207115002721,11.313708498984761,10.42412676195118,0
814,1.0,3,0,4,4,1.4142135623730951,30,0,0.0,6.928203230275509,3.785454352119638,0
815,1.0,3,1,0,12,0.0,10,3,1.189207115002721,16.970562748477143,9.067655668001489,0
816,1.0,1,1,0,12,0.0,10,1,1.681792830507429,16.970562748477143,9.630769156751683,0
817,1.0,3,0,0,10,0.0,36,0,0.0,19.343364202676693,23.824046789965347,0
818,1.0,2,1,1,7,1.0,12,2,1.189207115002721,8.324449805019047,4.609187339220172,0
819,1.0,3,1,0,2,0.0,8,3,1.189207115002721,2.8284271247461903,12.835630928972854,0
820,1.0,3,1,3,4,1.3160740129524924,25,3,1.189207115002721,7.113117640155691,7.220440600021131,0
821,1.0,1,0,1,12,1.0,35,0,0.0,21.853923442054462,42.75857607139865,1
822,1.0,3,1,0,3,0.0,10,3,1.189207115002721,4.242640687119286,8.012622594929509,1
823,1.0,1,1,0,8,0.0,5,1,1.189207115002721,8.0,2.8321102061460772,0
824,1.0,3,0,0,13,0.0,35,0,0.0,23.675083728892332,22.03471213605615,1
825,1.0,3,1,4,10,1.4142135623730951,25,3,1.189207115002721,17.78279410038923,1.1916801824669498,0
826,1.0,3,1,0,12,0.0,10,3,1.6265765616977856,15.792888155429909,7.223076867563762,0
827,1.0,3,1,0,12,0.0,10,3,1.189207115002721,15.792888155429909,7.223076867563762,0
828,1.0,2,1,0,7,0.0,30,2,1.189207115002721,12.447955870272459,0.43808513027267626,1
829,1.0,3,1,0,12,0.0,10,3,1.189207115002721,16.970562748477143,9.630769156751683,1
830,1.0,1,0,0,12,0.0,35,0,0.0,24.366518218427167,78.89255163400964,1
831,1.0,3,0,1,8,1.0,35,0,0.0,16.0,17.581465377587996,1
832,1.0,2,1,1,12,1.0,25,2,1.189207115002721,21.33935292046707,0.30997397139965077,1
833,1.0,3,1,0,13,0.0,10,3,1.189207115002721,17.1089621683824,7.223076867563762,0
834,1.0,3,1,0,4,0.0,10,3,1.189207115002721,5.656854249492381,6.806870511418671,0
835,1.0,3,1,0,12,0.0,10,3,1.189207115002721,16.970562748477143,5.2996804070301256,0
836,1.0,1,0,1,12,1.0,48,0,0.0,25.05357155915813,55.241924515944575,1
837,1.0,3,1,0,11,0.0,10,3,1.189207115002721,15.556349186104047,6.203994469663254,0
838,1.0,3,1,0,12,0.0,10,3,1.189207115002721,16.970562748477143,9.630769156751683,0
839,1.0,3,1,0,8,0.0,10,3,1.189207115002721,11.313708498984761,9.519812699318054,1
840,1.0,1,1,0,7,0.0,10,1,1.4953487812212205,9.899494936611665,9.630769156751683,1
841,1.0,3,1,0,8,0.0,4,3,1.189207115002721,11.313708498984761,5.902556448785544,0
842,1.0,2,1,0,12,0.0,4,2,1.6265765616977856,16.970562748477143,4.696804365274708,0
843,1.0,1,0,0,8,0.0,30,0,0.0,15.474691362141355,31.209278301469222,1
844,1.0,3,1,0,8,0.0,10,3,1.189207115002721,11.313708498984761,10.273407751512327,0
845,1.0,3,1,0,3,0.0,10,3,1.189207115002721,4.242640687119286,4.998242386152417,0
846,1.0,3,1,0,6,0.0,8,3,1.189207115002721,8.485281374238571,12.534192908095145,0
847,1.0,3,1,8,12,1.681792830507429,8,3,1.189207115002721,14.270485380032653,4.815384578375841,0
848,1.0,3,1,0,12,0.0,10,3,1.189207115002721,16.970562748477143,10.42412676195118,0
849,1.0,2,1,0,12,0.0,5,2,1.7320508075688772,12.0,2.078515153951804,0
850,1.0,1,0,1,14,1.0,35,0,0.0,28.0,42.77945104873575,1
851,1.0,3,1,4,4,1.4142135623730951,25,3,1.189207115002721,7.113117640155691,2.698870286855497,0
852,1.0,3,1,0,4,0.0,10,3,1.189207115002721,5.2642960518099695,16.635157182136375,0
853,1.0,3,0,1,13,1.0,30,0,0.0,22.516660498395403,5.8201609930441744,0
854,1.0,1,0,0,12,0.0,48,0,0.0,25.05357155915813,22.30982073505486,1
855,1.0,2,0,1,12,1.0,35,0,0.0,24.0,52.54827579940225,0
856,1.0,3,0,0,8,0.0,35,0,0.0,16.47813715125694,23.848561831635564,1
857,1.0,1,0,1,12,1.0,35,0,0.0,21.853923442054462,36.95589416950275,1
858,1.0,1,1,0,12,0.0,10,1,1.6265765616977856,15.792888155429909,11.435351321995896,1
859,1.0,3,0,0,8,0.0,35,0,0.0,14.569282294702974,19.547848463815047,1
860,1.0,3,1,0,8,0.0,10,3,1.189207115002721,11.313708498984761,9.630769156751683,0
861,1.0,3,1,2,2,1.189207115002721,10,3,1.189207115002721,2.6321480259049848,9.174566165413076,0
862,1.0,2,1,1,12,1.0,10,2,1.189207115002721,17.944185374654644,7.754993087079067,0
863,1.0,1,0,0,12,0.0,35,0,0.0,24.366518218427167,60.956989391785946,1
864,1.0,3,0,8,12,1.681792830507429,24,0,0.0,20.784609690826528,14.483923288305043,0
865,1.0,2,1,0,12,0.0,10,2,1.189207115002721,16.970562748477143,7.10830853229638,0
866,1.0,2,0,0,12,0.0,35,0,0.0,24.366518218427167,53.27031985940437,1
867,1.0,2,0,1,8,1.0,36,0,0.0,15.190631376927534,26.041023433520902,1
868,1.0,1,1,0,8,0.0,16,1,1.3160740129524924,11.313708498984761,9.218374678440345,0
869,1.0,3,1,0,6,0.0,10,3,1.189207115002721,8.485281374238571,9.630769156751683,0
870,1.0,3,1,1,12,1.0,25,3,1.189207115002721,21.33935292046707,2.698870286855497,1
871,1.0,3,1,0,8,0.0,10,3,1.189207115002721,11.313708498984761,7.711184574051799,0
872,1.0,1,0,1,12,1.0,35,0,0.0,21.853923442054462,38.613803284330146,1
873,1.0,1,1,0,4,0.0,10,1,1.681792830507429,5.2642960518099695,7.365938040146821,0
874,1.0,3,1,0,6,0.0,10,3,1.189207115002721,8.485281374238571,14.04138301248369,0
875,1.0,2,0,1,12,1.0,56,0,0.0,24.0,33.256242463228865,1
876,1.0,3,0,0,13,0.0,30,0,0.0,25.1463734634797,15.383782205389497,1
877,1.0,3,1,0,4,0.0,10,3,1.189207115002721,5.2642960518099695,4.426917336589158,0
878,1.0,3,1,0,12,0.0,10,3,1.189207115002721,15.792888155429909,4.200838820930876,0
879,1.0,3,1,0,8,0.0,10,3,1.189207115002721,11.313708498984761,9.630769156751683,0
880,1.0,1,0,0,12,0.0,35,0,0.0,24.71720572688541,75.39446340172383,1
881,1.0,2,0,0,12,0.0,35,0,0.0,24.71720572688541,33.3438594892834,1
882,1.0,3,1,0,1,0.0,10,3,1.189207115002721,1.4142135623730951,9.821250720195762,0
883,1.0,3,0,0,4,0.0,30,0,0.0,7.7373456810706775,22.76901371689337,0
884,1.0,2,1,0,12,0.0,8,2,1.189207115002721,16.970562748477143,8.314060615807216,0
885,1.0,3,1,0,8,0.0,4,3,1.189207115002721,11.313708498984761,7.40974655317409,0
886,1.0,3,0,0,12,0.0,35,0,0.0,21.853923442054462,31.982166825020546,0
887,1.0,2,1,0,12,0.0,5,2,1.189207115002721,12.0,2.003155648732377,0
888,1.0,1,0,0,12,0.0,30,0,0.0,22.33451661845039,16.803355283723505,1
889,1.0,3,0,1,12,1.0,18,0,0.0,20.784609690826528,14.483923288305043,0
890,1.0,1,1,0,11,0.0,10,1,1.4953487812212205,15.556349186104047,7.711184574051799,1
891,1.0,3,1,0,12,0.0,10,3,1.189207115002721,16.970562748477143,9.519812699318054,0
